Date,Symbol,Close,High,Low,Open,Volume
2023-01-03,BEN,27.1200008392334,27.3700008392334,26.700000762939453,26.81999969482422,4213500
2023-01-04,BEN,27.829999923706055,27.989999771118164,27.389999389648438,27.5,3450700
2023-01-05,BEN,27.329999923706055,27.729999542236328,27.149999618530273,27.59000015258789,1955200
2023-01-06,BEN,28.3799991607666,28.40999984741211,27.59000015258789,27.700000762939453,2889500
2023-01-09,BEN,28.510000228881836,28.969999313354492,28.270000457763672,28.530000686645508,3521500
2023-01-10,BEN,29.149999618530273,29.18000030517578,28.450000762939453,28.5,2562000
2023-01-11,BEN,29.469999313354492,29.6200008392334,29.280000686645508,29.40999984741211,3392500
2023-01-12,BEN,29.829999923706055,30.049999237060547,29.200000762939453,29.65999984741211,4433800
2023-01-13,BEN,30.06999969482422,30.18000030517578,29.3799991607666,29.520000457763672,3331200
2023-01-17,BEN,29.780000686645508,30.15999984741211,29.719999313354492,30.049999237060547,2423300
2023-01-18,BEN,29.90999984741211,30.40999984741211,29.75,29.850000381469727,5111800
2023-01-19,BEN,29.34000015258789,29.5,29.049999237060547,29.440000534057617,3688400
2023-01-20,BEN,30.040000915527344,30.1200008392334,29.209999084472656,29.5,2638600
2023-01-23,BEN,30.350000381469727,30.600000381469727,29.969999313354492,30.059999465942383,3124800
2023-01-24,BEN,29.93000030517578,30.450000762939453,29.8700008392334,30.0,2918700
2023-01-25,BEN,30.190000534057617,30.219999313354492,29.010000228881836,29.43000030517578,3785500
2023-01-26,BEN,30.290000915527344,30.559999465942383,29.84000015258789,30.31999969482422,4454300
2023-01-27,BEN,30.719999313354492,30.770000457763672,29.93000030517578,30.25,5954600
2023-01-30,BEN,31.260000228881836,31.809999465942383,29.860000610351562,30.15999984741211,8210200
2023-01-31,BEN,31.200000762939453,31.43000030517578,30.700000762939453,31.110000610351562,16785100
2023-02-01,BEN,32.0099983215332,32.25,30.559999465942383,30.950000762939453,5737600
2023-02-02,BEN,33.81999969482422,34.369998931884766,32.41999816894531,32.5,6114000
2023-02-03,BEN,33.27000045776367,33.81999969482422,32.9900016784668,33.22999954223633,6204000
2023-02-06,BEN,32.119998931884766,32.880001068115234,32.02000045776367,32.880001068115234,3190700
2023-02-07,BEN,32.119998931884766,32.650001525878906,31.829999923706055,31.959999084472656,3133100
2023-02-08,BEN,31.5,32.130001068115234,31.40999984741211,31.8700008392334,2653100
2023-02-09,BEN,30.829999923706055,31.8799991607666,30.65999984741211,31.68000030517578,3185600
2023-02-10,BEN,30.920000076293945,30.989999771118164,30.260000228881836,30.670000076293945,5565200
2023-02-13,BEN,31.760000228881836,31.780000686645508,30.829999923706055,30.950000762939453,2665700
2023-02-14,BEN,31.709999084472656,31.93000030517578,31.18000030517578,31.579999923706055,2453800
2023-02-15,BEN,31.739999771118164,31.780000686645508,31.309999465942383,31.40999984741211,1863000
2023-02-16,BEN,31.200000762939453,31.600000381469727,30.950000762939453,31.190000534057617,2028100
2023-02-17,BEN,31.329999923706055,31.34000015258789,30.84000015258789,31.079999923706055,3228900
2023-02-21,BEN,29.899999618530273,30.950000762939453,29.719999313354492,30.799999237060547,2693800
2023-02-22,BEN,29.770000457763672,30.260000228881836,29.559999465942383,29.899999618530273,2429200
2023-02-23,BEN,29.760000228881836,30.229999542236328,29.329999923706055,30.059999465942383,1947400
2023-02-24,BEN,29.290000915527344,29.420000076293945,29.040000915527344,29.270000457763672,2528900
2023-02-27,BEN,29.469999313354492,29.899999618530273,29.459999084472656,29.780000686645508,2403100
2023-02-28,BEN,29.469999313354492,29.860000610351562,29.43000030517578,29.59000015258789,4469300
2023-03-01,BEN,29.100000381469727,29.440000534057617,28.6200008392334,29.31999969482422,3463900
2023-03-02,BEN,29.059999465942383,29.190000534057617,28.540000915527344,28.690000534057617,2183300
2023-03-03,BEN,29.59000015258789,29.6200008392334,29.010000228881836,29.31999969482422,1955700
2023-03-06,BEN,29.219999313354492,29.799999237060547,29.200000762939453,29.690000534057617,2645400
2023-03-07,BEN,28.25,29.329999923706055,28.190000534057617,29.190000534057617,3526300
2023-03-08,BEN,28.6299991607666,28.790000915527344,28.170000076293945,28.280000686645508,3157700
2023-03-09,BEN,27.829999923706055,28.829999923706055,27.770000457763672,28.610000610351562,3275000
2023-03-10,BEN,27.56999969482422,28.270000457763672,27.170000076293945,27.780000686645508,5348500
2023-03-13,BEN,27.049999237060547,27.75,26.100000381469727,26.559999465942383,8662600
2023-03-14,BEN,27.31999969482422,27.989999771118164,26.950000762939453,27.829999923706055,5102700
2023-03-15,BEN,26.899999618530273,27.110000610351562,26.34000015258789,26.649999618530273,5423400
2023-03-16,BEN,26.959999084472656,27.360000610351562,26.15999984741211,26.6299991607666,4035500
2023-03-17,BEN,26.270000457763672,26.670000076293945,26.110000610351562,26.639999389648438,19038800
2023-03-20,BEN,26.34000015258789,26.75,26.139999389648438,26.670000076293945,3728900
2023-03-21,BEN,26.940000534057617,27.139999389648438,26.809999465942383,27.0,3115000
2023-03-22,BEN,26.299999237060547,27.049999237060547,26.290000915527344,26.8700008392334,4294800
2023-03-23,BEN,26.190000534057617,26.850000381469727,25.959999084472656,26.469999313354492,2708900
2023-03-24,BEN,26.290000915527344,26.399999618530273,25.59000015258789,25.790000915527344,2859600
2023-03-27,BEN,26.440000534057617,26.860000610351562,26.18000030517578,26.75,2984600
2023-03-28,BEN,26.3700008392334,26.579999923706055,26.170000076293945,26.389999389648438,1714200
2023-03-29,BEN,26.530000686645508,26.770000457763672,26.350000381469727,26.700000762939453,2205600
2023-03-30,BEN,26.260000228881836,26.540000915527344,26.110000610351562,26.489999771118164,1765800
2023-03-31,BEN,26.940000534057617,26.989999771118164,26.450000762939453,26.510000228881836,2742900
2023-04-03,BEN,26.93000030517578,27.18000030517578,26.709999084472656,26.889999389648438,3550300
2023-04-04,BEN,26.670000076293945,27.06999969482422,26.459999084472656,27.049999237060547,2895300
2023-04-05,BEN,26.610000610351562,26.690000534057617,26.34000015258789,26.350000381469727,3169700
2023-04-06,BEN,26.600000381469727,26.809999465942383,26.5,26.579999923706055,2673900
2023-04-10,BEN,26.610000610351562,26.989999771118164,26.399999618530273,26.639999389648438,3210200
2023-04-11,BEN,27.15999984741211,27.389999389648438,26.75,26.790000915527344,2548400
2023-04-12,BEN,26.420000076293945,27.549999237060547,26.399999618530273,27.530000686645508,3540800
2023-04-13,BEN,26.920000076293945,26.989999771118164,26.3799991607666,26.459999084472656,2593800
2023-04-14,BEN,26.75,27.34000015258789,26.559999465942383,27.209999084472656,3145800
2023-04-17,BEN,26.850000381469727,26.850000381469727,26.450000762939453,26.579999923706055,1982400
2023-04-18,BEN,26.979999542236328,27.040000915527344,26.5,27.0,2443000
2023-04-19,BEN,27.1299991607666,27.200000762939453,26.729999542236328,26.809999465942383,3116500
2023-04-20,BEN,26.889999389648438,26.979999542236328,26.760000228881836,26.90999984741211,1658800
2023-04-21,BEN,26.690000534057617,26.969999313354492,26.559999465942383,26.8700008392334,2528100
2023-04-24,BEN,26.989999771118164,27.020000457763672,26.600000381469727,26.850000381469727,2394700
2023-04-25,BEN,26.239999771118164,26.790000915527344,26.229999542236328,26.739999771118164,2429100
2023-04-26,BEN,26.170000076293945,26.510000228881836,25.989999771118164,26.18000030517578,2155100
2023-04-27,BEN,26.6200008392334,26.649999618530273,26.18000030517578,26.389999389648438,2369600
2023-04-28,BEN,26.8799991607666,27.030000686645508,26.450000762939453,26.510000228881836,6365300
2023-05-01,BEN,26.1299991607666,28.5,25.969999313354492,28.25,5360800
2023-05-02,BEN,25.219999313354492,25.899999618530273,24.75,25.850000381469727,4545000
2023-05-03,BEN,25.139999389648438,25.700000762939453,25.040000915527344,25.170000076293945,3025700
2023-05-04,BEN,25.100000381469727,25.1200008392334,24.510000228881836,24.889999389648438,3461100
2023-05-05,BEN,25.540000915527344,25.690000534057617,25.3700008392334,25.479999542236328,2766800
2023-05-08,BEN,25.360000610351562,25.780000686645508,25.09000015258789,25.700000762939453,3000900
2023-05-09,BEN,25.1200008392334,25.260000228881836,24.93000030517578,25.040000915527344,2027300
2023-05-10,BEN,25.0,25.709999084472656,24.889999389648438,25.459999084472656,3135200
2023-05-11,BEN,24.520000457763672,24.940000534057617,24.239999771118164,24.940000534057617,3873500
2023-05-12,BEN,24.489999771118164,24.739999771118164,24.229999542236328,24.65999984741211,2363300
2023-05-15,BEN,24.510000228881836,24.649999618530273,24.399999618530273,24.540000915527344,2057000
2023-05-16,BEN,24.020000457763672,24.399999618530273,24.020000457763672,24.290000915527344,1599300
2023-05-17,BEN,24.459999084472656,24.579999923706055,23.979999542236328,24.209999084472656,2111100
2023-05-18,BEN,24.670000076293945,24.729999542236328,24.239999771118164,24.420000076293945,2812300
2023-05-19,BEN,24.489999771118164,24.81999969482422,24.190000534057617,24.81999969482422,2353100
2023-05-22,BEN,24.610000610351562,24.770000457763672,24.350000381469727,24.59000015258789,1956400
2023-05-23,BEN,24.3700008392334,24.81999969482422,24.350000381469727,24.450000762939453,2583300
2023-05-24,BEN,24.079999923706055,24.290000915527344,23.93000030517578,24.200000762939453,2496600
2023-05-25,BEN,24.260000228881836,24.31999969482422,23.950000762939453,24.030000686645508,2432800
2023-05-26,BEN,24.610000610351562,24.700000762939453,24.280000686645508,24.3799991607666,2063600
2023-05-30,BEN,24.709999084472656,24.8799991607666,24.530000686645508,24.719999313354492,2520900
2023-05-31,BEN,24.010000228881836,24.709999084472656,23.860000610351562,24.549999237060547,6671200
2023-06-01,BEN,24.420000076293945,24.520000457763672,23.959999084472656,24.059999465942383,3305600
2023-06-02,BEN,25.020000457763672,25.139999389648438,24.75,24.81999969482422,2687600
2023-06-05,BEN,25.040000915527344,25.1299991607666,24.700000762939453,25.0,1867600
2023-06-06,BEN,25.739999771118164,25.809999465942383,24.979999542236328,25.0,2519700
2023-06-07,BEN,26.260000228881836,26.3799991607666,25.770000457763672,25.8799991607666,3343900
2023-01-03,ENPH,253.30999755859375,271.7200012207031,250.50999450683594,269.1700134277344,3091400
2023-01-04,ENPH,251.63999938964844,256.2200012207031,246.75999450683594,252.4499969482422,3604500
2023-01-05,ENPH,240.3699951171875,251.85000610351562,239.41000366210938,248.5500030517578,4099300
2023-01-06,ENPH,233.64999389648438,241.74000549316406,230.10000610351562,240.82000732421875,5401500
2023-01-09,ENPH,227.94000244140625,243.1699981689453,227.13999938964844,236.36000061035156,4658000
2023-01-10,ENPH,229.8300018310547,233.4499969482422,224.4499969482422,227.36000061035156,3655800
2023-01-11,ENPH,238.82000732421875,242.0,229.00999450683594,229.22000122070312,5298600
2023-01-12,ENPH,241.72000122070312,243.22000122070312,230.5500030517578,240.86000061035156,3699800
2023-01-13,ENPH,245.8300018310547,251.64999389648438,238.4199981689453,238.4199981689453,3965500
2023-01-17,ENPH,251.05999755859375,260.9800109863281,245.1699981689453,249.0800018310547,4428000
2023-01-18,ENPH,250.30999755859375,260.0,245.39999389648438,255.0,3632200
2023-01-19,ENPH,222.97000122070312,249.25,222.91000366210938,245.89999389648438,6219700
2023-01-20,ENPH,222.5399932861328,227.89999389648438,219.8300018310547,224.75,6102200
2023-01-23,ENPH,228.44000244140625,234.3300018310547,217.97000122070312,223.5800018310547,4818300
2023-01-24,ENPH,219.47000122070312,223.9499969482422,215.27999877929688,222.5,5967600
2023-01-25,ENPH,210.32000732421875,211.7100067138672,201.67999267578125,207.1699981689453,6627900
2023-01-26,ENPH,208.02000427246094,214.49000549316406,203.61000061035156,213.89999389648438,3510100
2023-01-27,ENPH,210.08999633789062,213.58999633789062,204.6699981689453,206.64999389648438,3731400
2023-01-30,ENPH,212.22000122070312,217.99000549316406,206.25,208.42999267578125,4017900
2023-01-31,ENPH,221.3800048828125,221.5800018310547,212.14999389648438,212.1699981689453,4161900
2023-02-01,ENPH,227.13999938964844,229.63999938964844,216.91000366210938,221.25999450683594,4137600
2023-02-02,ENPH,227.6999969482422,235.89999389648438,222.1999969482422,232.6999969482422,4405200
2023-02-03,ENPH,222.92999267578125,227.89999389648438,219.42999267578125,220.0,2506100
2023-02-06,ENPH,222.99000549316406,231.67999267578125,220.57000732421875,224.1300048828125,3758700
2023-02-07,ENPH,228.4600067138672,230.11000061035156,219.55999755859375,225.8800048828125,6312300
2023-02-08,ENPH,218.8699951171875,247.0,214.7899932861328,246.89999389648438,14098000
2023-02-09,ENPH,209.60000610351562,222.49000549316406,202.75999450683594,221.7100067138672,9220400
2023-02-10,ENPH,212.07000732421875,220.2899932861328,206.86000061035156,208.91000366210938,6710900
2023-02-13,ENPH,212.57000732421875,217.07000732421875,208.5,212.8800048828125,3597000
2023-02-14,ENPH,208.35000610351562,211.38999938964844,199.02999877929688,208.0,6190900
2023-02-15,ENPH,217.8699951171875,218.6199951171875,207.1699981689453,208.8800048828125,4543500
2023-02-16,ENPH,202.8000030517578,217.1199951171875,202.6699981689453,212.5,4941000
2023-02-17,ENPH,204.99000549316406,206.5800018310547,202.0399932861328,202.64999389648438,4082800
2023-02-21,ENPH,201.64999389648438,207.0,200.5,203.69000244140625,3275600
2023-02-22,ENPH,203.57000732421875,205.0,198.5,202.47000122070312,2399700
2023-02-23,ENPH,204.7100067138672,208.82000732421875,198.1300048828125,207.0,2971800
2023-02-24,ENPH,198.9600067138672,203.16000366210938,196.25,199.4600067138672,2776800
2023-02-27,ENPH,210.77999877929688,213.27999877929688,203.36000061035156,205.47000122070312,4119800
2023-02-28,ENPH,210.52999877929688,213.49000549316406,207.14999389648438,209.82000732421875,2807000
2023-03-01,ENPH,212.9499969482422,216.38999938964844,210.0,212.2100067138672,2633000
2023-03-02,ENPH,211.55999755859375,212.35000610351562,207.44000244140625,209.33999633789062,1804100
2023-03-03,ENPH,217.16000366210938,219.17999267578125,210.77000427246094,213.36000061035156,2547300
2023-03-06,ENPH,225.35000610351562,230.44000244140625,217.61000061035156,218.57000732421875,4529600
2023-03-07,ENPH,224.2100067138672,227.6699981689453,219.4600067138672,225.1699981689453,2938500
2023-03-08,ENPH,218.30999755859375,223.5800018310547,213.66000366210938,222.72000122070312,3170400
2023-03-09,ENPH,215.85000610351562,224.41000366210938,214.64999389648438,219.17999267578125,2564000
2023-03-10,ENPH,210.22000122070312,221.52000427246094,207.5399932861328,217.07000732421875,3675700
2023-03-13,ENPH,211.52999877929688,215.58999633789062,203.11000061035156,209.1699981689453,3146900
2023-03-14,ENPH,213.00999450683594,221.49000549316406,209.2100067138672,216.58999633789062,2946300
2023-03-15,ENPH,205.75999450683594,211.97000122070312,198.69000244140625,209.97999572753906,3910100
2023-03-16,ENPH,201.10000610351562,205.5800018310547,198.27999877929688,204.9199981689453,3538600
2023-03-17,ENPH,183.63999938964844,200.6999969482422,181.5500030517578,200.6999969482422,8717500
2023-03-20,ENPH,192.50999450683594,196.8800048828125,185.1999969482422,189.58999633789062,5073500
2023-03-21,ENPH,207.6300048828125,209.35000610351562,195.2899932861328,196.92999267578125,5470700
2023-03-22,ENPH,202.14999389648438,211.22000122070312,201.75,209.64999389648438,4009400
2023-03-23,ENPH,204.66000366210938,214.85000610351562,201.8300018310547,207.1999969482422,3430900
2023-03-24,ENPH,195.99000549316406,203.5500030517578,192.36000061035156,202.35000610351562,4038900
2023-03-27,ENPH,195.8300018310547,200.27000427246094,191.60000610351562,199.36000061035156,2769500
2023-03-28,ENPH,193.52000427246094,196.60000610351562,190.6199951171875,196.0,1811100
2023-03-29,ENPH,203.9499969482422,205.8000030517578,191.35000610351562,196.75,3643000
2023-03-30,ENPH,205.27000427246094,214.19000244140625,203.80999755859375,209.44000244140625,3051200
2023-03-31,ENPH,210.27999877929688,212.1300048828125,205.80999755859375,206.02000427246094,2776800
2023-04-03,ENPH,202.60000610351562,215.88999938964844,201.6300048828125,213.97999572753906,3609600
2023-04-04,ENPH,202.5399932861328,203.1999969482422,198.64999389648438,202.88999938964844,2164100
2023-04-05,ENPH,193.6699981689453,201.7100067138672,187.72999572753906,200.0,3914900
2023-04-06,ENPH,191.0,192.0,187.14999389648438,191.42999267578125,2907800
2023-04-10,ENPH,195.8000030517578,195.89999389648438,188.50999450683594,189.08999633789062,1978600
2023-04-11,ENPH,196.8800048828125,199.0399932861328,193.1199951171875,195.89999389648438,1638900
2023-04-12,ENPH,196.02999877929688,201.25999450683594,195.80999755859375,199.89999389648438,1991400
2023-04-13,ENPH,209.69000244140625,211.58999633789062,198.52000427246094,200.00999450683594,4395700
2023-04-14,ENPH,208.89999389648438,214.64999389648438,204.60000610351562,209.77000427246094,2996400
2023-04-17,ENPH,224.9199981689453,229.24000549316406,214.77999877929688,215.0,7481800
2023-04-18,ENPH,227.8699951171875,231.4199981689453,222.22999572753906,225.42999267578125,3599200
2023-04-19,ENPH,224.27000427246094,228.5,222.27999877929688,225.05999755859375,2234300
2023-04-20,ENPH,224.7899932861328,226.25999450683594,219.3000030517578,220.5,2516400
2023-04-21,ENPH,223.61000061035156,226.77000427246094,219.89999389648438,223.75,2661300
2023-04-24,ENPH,224.60000610351562,225.32000732421875,214.52999877929688,223.61000061035156,3468900
2023-04-25,ENPH,220.60000610351562,228.36000061035156,220.27000427246094,222.41000366210938,4423300
2023-04-26,ENPH,163.8300018310547,183.30999755859375,160.61000061035156,178.6300048828125,25345200
2023-04-27,ENPH,164.17999267578125,169.1199951171875,162.3699951171875,166.52999877929688,8898200
2023-04-28,ENPH,164.1999969482422,164.3000030517578,156.30999755859375,163.32000732421875,7878600
2023-05-01,ENPH,160.58999633789062,166.63999938964844,159.6999969482422,164.0,5245200
2023-05-02,ENPH,152.8800048828125,158.8800048828125,152.14999389648438,158.72999572753906,5177300
2023-05-03,ENPH,155.4199981689453,158.6300048828125,152.6300048828125,153.41000366210938,4434200
2023-05-04,ENPH,155.4199981689453,159.8800048828125,154.6300048828125,158.8699951171875,4198800
2023-05-05,ENPH,159.64999389648438,160.6999969482422,154.82000732421875,157.58999633789062,3401100
2023-05-08,ENPH,163.2899932861328,164.55999755859375,158.4499969482422,161.6999969482422,2784200
2023-05-09,ENPH,157.8300018310547,161.74000549316406,156.30999755859375,161.00999450683594,3613700
2023-05-10,ENPH,161.4199981689453,162.02999877929688,157.58999633789062,158.97999572753906,2957800
2023-05-11,ENPH,160.7899932861328,162.72000122070312,159.05999755859375,159.39999389648438,1969900
2023-05-12,ENPH,167.5500030517578,172.60000610351562,163.83999633789062,163.86000061035156,6716600
2023-05-15,ENPH,168.7100067138672,172.11000061035156,165.58999633789062,167.7100067138672,3397400
2023-05-16,ENPH,160.9600067138672,169.0,160.8000030517578,167.35000610351562,3329700
2023-05-17,ENPH,163.72999572753906,165.58999633789062,159.08999633789062,161.3000030517578,2930200
2023-05-18,ENPH,163.72000122070312,164.57000732421875,159.60000610351562,163.27000427246094,2503500
2023-05-19,ENPH,162.3699951171875,166.72000122070312,161.52000427246094,165.35000610351562,3103000
2023-05-22,ENPH,164.64999389648438,166.9499969482422,162.66000366210938,162.8000030517578,2622800
2023-05-23,ENPH,162.8300018310547,166.13999938964844,161.5399932861328,162.3800048828125,2664600
2023-05-24,ENPH,164.0500030517578,164.3300018310547,158.80999755859375,160.25,2458700
2023-05-25,ENPH,164.58999633789062,165.3699951171875,161.5500030517578,165.36000061035156,2562800
2023-05-26,ENPH,165.1999969482422,166.8800048828125,161.85000610351562,165.66000366210938,2686300
2023-05-30,ENPH,174.1199951171875,175.80999755859375,167.3000030517578,167.72000122070312,4056600
2023-05-31,ENPH,173.8800048828125,176.22000122070312,169.3000030517578,173.85000610351562,3659000
2023-06-01,ENPH,181.47000122070312,184.05999755859375,172.3000030517578,174.25,3087200
2023-06-02,ENPH,181.86000061035156,187.99000549316406,179.72999572753906,187.8699951171875,3046600
2023-06-05,ENPH,182.72999572753906,186.6999969482422,180.25,183.63999938964844,2743000
2023-06-06,ENPH,182.61000061035156,185.85000610351562,179.72999572753906,180.55999755859375,2100100
2023-06-07,ENPH,182.08999633789062,186.8000030517578,181.6699981689453,184.0500030517578,2496100
2023-01-03,GEN,21.6200008392334,21.770000457763672,21.229999542236328,21.43000030517578,2632900
2023-01-04,GEN,21.8700008392334,21.940000534057617,21.489999771118164,21.729999542236328,2590700
2023-01-05,GEN,21.100000381469727,21.559999465942383,20.940000534057617,21.530000686645508,3391200
2023-01-06,GEN,21.5,21.579999923706055,20.920000076293945,21.219999313354492,3234900
2023-01-09,GEN,21.489999771118164,22.030000686645508,21.399999618530273,21.489999771118164,3122500
2023-01-10,GEN,21.600000381469727,21.709999084472656,21.34000015258789,21.540000915527344,2754000
2023-01-11,GEN,21.989999771118164,22.020000457763672,21.389999389648438,21.719999313354492,3543300
2023-01-12,GEN,21.959999084472656,22.100000381469727,21.790000915527344,21.989999771118164,2406500
2023-01-13,GEN,22.3700008392334,22.440000534057617,21.719999313354492,21.780000686645508,2168300
2023-01-17,GEN,22.59000015258789,22.770000457763672,22.299999237060547,22.510000228881836,3119300
2023-01-18,GEN,22.329999923706055,22.649999618530273,22.290000915527344,22.549999237060547,2888800
2023-01-19,GEN,21.940000534057617,22.3700008392334,21.93000030517578,22.260000228881836,2512100
2023-01-20,GEN,22.43000030517578,22.469999313354492,21.790000915527344,21.889999389648438,3580500
2023-01-23,GEN,22.809999465942383,22.889999389648438,22.43000030517578,22.5,1703300
2023-01-24,GEN,22.65999984741211,22.969999313354492,22.59000015258789,22.81999969482422,1524800
2023-01-25,GEN,22.600000381469727,22.690000534057617,22.239999771118164,22.469999313354492,1509300
2023-01-26,GEN,22.709999084472656,22.889999389648438,22.520000457763672,22.729999542236328,2962600
2023-01-27,GEN,22.84000015258789,22.920000076293945,22.510000228881836,22.670000076293945,2069800
2023-01-30,GEN,22.690000534057617,22.799999237060547,22.540000915527344,22.790000915527344,3053700
2023-01-31,GEN,23.010000228881836,23.040000915527344,22.540000915527344,22.709999084472656,4537700
2023-02-01,GEN,23.360000610351562,23.479999542236328,22.760000228881836,22.850000381469727,3661400
2023-02-02,GEN,23.56999969482422,23.739999771118164,23.25,23.559999465942383,4030500
2023-02-03,GEN,21.299999237060547,23.209999084472656,21.100000381469727,23.110000610351562,8018300
2023-02-06,GEN,21.309999465942383,21.540000915527344,20.940000534057617,21.459999084472656,4990400
2023-02-07,GEN,21.84000015258789,21.90999984741211,21.209999084472656,21.25,5433300
2023-02-08,GEN,21.489999771118164,22.15999984741211,21.459999084472656,21.809999465942383,4300800
2023-02-09,GEN,21.299999237060547,21.780000686645508,21.200000762939453,21.690000534057617,4244700
2023-02-10,GEN,21.40999984741211,21.440000534057617,21.139999389648438,21.229999542236328,2725300
2023-02-13,GEN,21.450000762939453,21.639999389648438,21.3799991607666,21.489999771118164,2810300
2023-02-14,GEN,21.200000762939453,21.540000915527344,21.010000228881836,21.420000076293945,3168600
2023-02-15,GEN,21.530000686645508,21.56999969482422,21.1200008392334,21.149999618530273,3482700
2023-02-16,GEN,21.350000381469727,21.579999923706055,21.06999969482422,21.100000381469727,2501800
2023-02-17,GEN,21.040000915527344,21.270000457763672,20.719999313354492,21.209999084472656,4508400
2023-02-21,GEN,20.739999771118164,20.950000762939453,20.440000534057617,20.850000381469727,2961700
2023-02-22,GEN,20.579999923706055,20.899999618530273,20.5,20.81999969482422,2328900
2023-02-23,GEN,20.59000015258789,20.700000762939453,20.31999969482422,20.559999465942383,2206900
2023-02-24,GEN,20.170000076293945,20.510000228881836,20.100000381469727,20.40999984741211,2483400
2023-02-27,GEN,19.989999771118164,20.479999542236328,19.90999984741211,20.3799991607666,2902700
2023-02-28,GEN,19.510000228881836,19.979999542236328,19.40999984741211,19.950000762939453,6395700
2023-03-01,GEN,19.190000534057617,19.729999542236328,19.139999389648438,19.40999984741211,3523300
2023-03-02,GEN,19.299999237060547,19.420000076293945,19.020000457763672,19.15999984741211,4047500
2023-03-03,GEN,19.260000228881836,19.399999618530273,19.190000534057617,19.350000381469727,4056100
2023-03-06,GEN,19.270000457763672,19.59000015258789,19.219999313354492,19.309999465942383,3668100
2023-03-07,GEN,18.690000534057617,19.270000457763672,18.549999237060547,19.170000076293945,4834700
2023-03-08,GEN,18.350000381469727,18.729999542236328,18.329999923706055,18.68000030517578,5788500
2023-03-09,GEN,17.739999771118164,18.530000686645508,17.649999618530273,18.479999542236328,6719900
2023-03-10,GEN,16.610000610351562,17.670000076293945,16.350000381469727,17.6299991607666,9983100
2023-03-13,GEN,16.420000076293945,16.950000762939453,16.170000076293945,16.530000686645508,6453100
2023-03-14,GEN,15.899999618530273,16.690000534057617,15.729999542236328,16.600000381469727,6306600
2023-03-15,GEN,15.960000038146973,16.040000915527344,15.520000457763672,15.6899995803833,7097300
2023-03-16,GEN,16.170000076293945,16.200000762939453,15.680000305175781,15.819999694824219,5622300
2023-03-17,GEN,16.31999969482422,16.3799991607666,16.0,16.15999984741211,14551100
2023-03-20,GEN,16.639999389648438,16.690000534057617,16.270000457763672,16.420000076293945,6747600
2023-03-21,GEN,17.059999465942383,17.18000030517578,16.670000076293945,16.709999084472656,6570500
2023-03-22,GEN,16.440000534057617,17.1299991607666,16.440000534057617,17.059999465942383,4685200
2023-03-23,GEN,16.350000381469727,16.770000457763672,16.200000762939453,16.479999542236328,6384000
2023-03-24,GEN,16.399999618530273,16.40999984741211,16.06999969482422,16.280000686645508,4417400
2023-03-27,GEN,16.790000915527344,16.809999465942383,16.389999389648438,16.549999237060547,5656700
2023-03-28,GEN,16.700000762939453,16.850000381469727,16.59000015258789,16.65999984741211,2967000
2023-03-29,GEN,16.639999389648438,16.8700008392334,16.56999969482422,16.8700008392334,3694500
2023-03-30,GEN,16.780000686645508,17.110000610351562,16.68000030517578,16.770000457763672,4695000
2023-03-31,GEN,17.15999984741211,17.200000762939453,16.700000762939453,16.790000915527344,4059600
2023-04-03,GEN,17.15999984741211,17.31999969482422,17.079999923706055,17.209999084472656,3859000
2023-04-04,GEN,17.059999465942383,17.190000534057617,16.799999237060547,17.079999923706055,4447400
2023-04-05,GEN,17.209999084472656,17.34000015258789,16.969999313354492,17.020000457763672,3825600
2023-04-06,GEN,17.270000457763672,17.329999923706055,17.09000015258789,17.200000762939453,2346200
2023-04-10,GEN,17.309999465942383,17.34000015258789,17.049999237060547,17.100000381469727,2615200
2023-04-11,GEN,17.770000457763672,17.860000610351562,17.270000457763672,17.290000915527344,4229300
2023-04-12,GEN,17.610000610351562,18.09000015258789,17.579999923706055,17.829999923706055,4483700
2023-04-13,GEN,17.709999084472656,17.90999984741211,17.639999389648438,17.639999389648438,3468300
2023-04-14,GEN,17.56999969482422,17.790000915527344,17.360000610351562,17.639999389648438,2930700
2023-04-17,GEN,17.959999084472656,17.979999542236328,17.559999465942383,17.649999618530273,3124500
2023-04-18,GEN,17.8700008392334,18.09000015258789,17.729999542236328,18.0,2977200
2023-04-19,GEN,17.8700008392334,18.020000457763672,17.780000686645508,17.84000015258789,4456000
2023-04-20,GEN,17.6299991607666,17.729999542236328,17.56999969482422,17.719999313354492,2955400
2023-04-21,GEN,17.649999618530273,17.739999771118164,17.549999237060547,17.719999313354492,5149000
2023-04-24,GEN,17.540000915527344,17.700000762939453,17.43000030517578,17.649999618530273,2590500
2023-04-25,GEN,17.360000610351562,17.5,17.280000686645508,17.3700008392334,3333400
2023-04-26,GEN,17.209999084472656,17.59000015258789,17.139999389648438,17.459999084472656,2927100
2023-04-27,GEN,17.75,17.799999237060547,17.34000015258789,17.34000015258789,2750000
2023-04-28,GEN,17.670000076293945,17.799999237060547,17.559999465942383,17.639999389648438,2917700
2023-05-01,GEN,17.65999984741211,17.8799991607666,17.489999771118164,17.559999465942383,3101300
2023-05-02,GEN,16.93000030517578,17.639999389648438,16.920000076293945,17.530000686645508,3856600
2023-05-03,GEN,16.75,17.190000534057617,16.739999771118164,17.020000457763672,3701100
2023-05-04,GEN,16.450000762939453,16.68000030517578,16.3799991607666,16.6200008392334,3593400
2023-05-05,GEN,17.149999618530273,17.149999618530273,16.600000381469727,16.649999618530273,4103600
2023-05-08,GEN,17.049999237060547,17.399999618530273,17.010000228881836,17.239999771118164,5304500
2023-05-09,GEN,17.0,17.170000076293945,16.860000610351562,17.020000457763672,5703400
2023-05-10,GEN,17.239999771118164,17.309999465942383,16.959999084472656,17.1299991607666,4631300
2023-05-11,GEN,17.15999984741211,17.350000381469727,17.010000228881836,17.260000228881836,4640500
2023-05-12,GEN,16.219999313354492,16.940000534057617,15.619999885559082,16.920000076293945,8372200
2023-05-15,GEN,16.40999984741211,16.6200008392334,16.110000610351562,16.239999771118164,6240200
2023-05-16,GEN,15.460000038146973,16.389999389648438,15.449999809265137,16.360000610351562,5583100
2023-05-17,GEN,16.040000915527344,16.110000610351562,15.510000228881836,15.510000228881836,6256400
2023-05-18,GEN,16.1200008392334,16.139999389648438,15.890000343322754,15.989999771118164,4922300
2023-05-19,GEN,16.200000762939453,16.399999618530273,16.020000457763672,16.190000534057617,7633900
2023-05-22,GEN,17.059999465942383,17.139999389648438,16.440000534057617,16.530000686645508,8425900
2023-05-23,GEN,16.959999084472656,17.190000534057617,16.860000610351562,17.049999237060547,5762600
2023-05-24,GEN,16.84000015258789,16.989999771118164,16.690000534057617,16.829999923706055,4599700
2023-05-25,GEN,16.84000015258789,16.989999771118164,16.6299991607666,16.780000686645508,3966900
2023-05-26,GEN,17.110000610351562,17.229999542236328,16.729999542236328,16.729999542236328,3343500
2023-05-30,GEN,17.219999313354492,17.40999984741211,17.010000228881836,17.1299991607666,3666700
2023-05-31,GEN,17.540000915527344,17.6299991607666,17.079999923706055,17.15999984741211,17287000
2023-06-01,GEN,17.549999237060547,17.760000228881836,17.299999237060547,17.510000228881836,4714900
2023-06-02,GEN,17.989999771118164,18.09000015258789,17.610000610351562,17.670000076293945,3868200
2023-06-05,GEN,17.969999313354492,18.25,17.799999237060547,17.899999618530273,3655300
2023-06-06,GEN,18.1299991607666,18.149999618530273,17.729999542236328,17.90999984741211,2666900
2023-06-07,GEN,17.770000457763672,18.170000076293945,17.649999618530273,18.1200008392334,4630100
2023-01-03,LEN,91.9800033569336,92.56999969482422,90.73999786376953,91.69000244140625,2351900
2023-01-04,LEN,93.61000061035156,95.02999877929688,92.70999908447266,93.36000061035156,2505400
2023-01-05,LEN,93.77999877929688,94.38999938964844,91.81999969482422,92.25,2052300
2023-01-06,LEN,95.66000366210938,96.5,94.3499984741211,94.3499984741211,1879200
2023-01-09,LEN,95.29000091552734,96.79000091552734,94.91999816894531,95.30999755859375,2659000
2023-01-10,LEN,96.56999969482422,96.63999938964844,94.20999908447266,94.63999938964844,1694000
2023-01-11,LEN,98.58000183105469,98.62000274658203,96.61000061035156,97.68000030517578,2179200
2023-01-12,LEN,99.1500015258789,99.77999877929688,97.20999908447266,99.08999633789062,2242900
2023-01-13,LEN,98.81999969482422,99.16999816894531,96.37999725341797,96.6500015258789,2291700
2023-01-17,LEN,98.77999877929688,99.44999694824219,98.05999755859375,98.47000122070312,2245400
2023-01-18,LEN,97.55999755859375,101.2699966430664,97.43000030517578,100.0,2866900
2023-01-19,LEN,95.69999694824219,97.36000061035156,94.86000061035156,96.7300033569336,2322300
2023-01-20,LEN,96.69000244140625,96.7699966430664,94.48999786376953,95.9800033569336,1997200
2023-01-23,LEN,97.52999877929688,98.3499984741211,96.20999908447266,96.20999908447266,1847000
2023-01-24,LEN,99.08999633789062,99.25,96.80999755859375,97.5,1996900
2023-01-25,LEN,99.04000091552734,99.22000122070312,97.68000030517578,97.97000122070312,2051600
2023-01-26,LEN,100.0199966430664,100.44999694824219,98.16999816894531,99.43000030517578,1382500
2023-01-27,LEN,100.61000061035156,101.41999816894531,99.5999984741211,99.72000122070312,1330800
2023-01-30,LEN,99.22000122070312,101.69999694824219,99.01000213623047,99.79000091552734,2097100
2023-01-31,LEN,102.4000015258789,102.62999725341797,100.5,100.5,2472200
2023-02-01,LEN,104.69000244140625,105.87999725341797,100.73999786376953,102.20999908447266,2810700
2023-02-02,LEN,108.08000183105469,109.27999877929688,106.43000030517578,106.43000030517578,3174500
2023-02-03,LEN,104.80999755859375,106.66000366210938,104.08999633789062,105.05000305175781,2070300
2023-02-06,LEN,102.7300033569336,104.0,102.4800033569336,103.63999938964844,1754100
2023-02-07,LEN,103.5199966430664,103.75,100.9000015258789,101.44999694824219,2654300
2023-02-08,LEN,100.83000183105469,102.8499984741211,100.55999755859375,102.8499984741211,1626600
2023-02-09,LEN,100.87000274658203,102.56999969482422,100.56999969482422,102.23999786376953,1360600
2023-02-10,LEN,101.9000015258789,102.31999969482422,100.04000091552734,100.41000366210938,1350800
2023-02-13,LEN,104.55000305175781,104.58999633789062,101.43000030517578,101.73999786376953,1893100
2023-02-14,LEN,104.06999969482422,104.9800033569336,102.9800033569336,103.6500015258789,1544000
2023-02-15,LEN,103.5,104.8499984741211,102.19000244140625,102.94999694824219,1672000
2023-02-16,LEN,101.30000305175781,101.98999786376953,100.36000061035156,101.1500015258789,2422600
2023-02-17,LEN,99.08999633789062,100.55999755859375,97.83000183105469,100.45999908447266,2850000
2023-02-21,LEN,95.7699966430664,98.70999908447266,95.33999633789062,97.51000213623047,2125000
2023-02-22,LEN,96.36000061035156,97.62000274658203,95.75,96.58000183105469,2386300
2023-02-23,LEN,97.1500015258789,97.44999694824219,95.69999694824219,96.94000244140625,1803000
2023-02-24,LEN,95.83999633789062,96.56999969482422,94.31999969482422,94.87000274658203,2207800
2023-02-27,LEN,95.9000015258789,97.37000274658203,95.18000030517578,97.0,1892800
2023-02-28,LEN,96.73999786376953,97.19999694824219,95.62999725341797,95.73999786376953,3075700
2023-03-01,LEN,95.63999938964844,97.6500015258789,95.63999938964844,96.11000061035156,1859600
2023-03-02,LEN,96.05999755859375,96.41999816894531,94.11000061035156,94.44000244140625,1891900
2023-03-03,LEN,97.61000061035156,98.54000091552734,96.86000061035156,98.54000091552734,2210700
2023-03-06,LEN,97.18000030517578,98.37999725341797,96.86000061035156,97.69999694824219,1753900
2023-03-07,LEN,96.83000183105469,98.38999938964844,96.61000061035156,97.8499984741211,1774700
2023-03-08,LEN,99.08000183105469,99.13999938964844,96.76000213623047,97.45999908447266,2388800
2023-03-09,LEN,98.58999633789062,101.19999694824219,98.44000244140625,99.08000183105469,3327400
2023-03-10,LEN,97.37999725341797,100.0999984741211,96.3499984741211,98.91000366210938,2680300
2023-03-13,LEN,98.95999908447266,100.08000183105469,96.05999755859375,96.37000274658203,2935500
2023-03-14,LEN,100.7699966430664,101.77999877929688,99.62000274658203,99.73999786376953,3039000
2023-03-15,LEN,100.19000244140625,103.98999786376953,98.55999755859375,102.33000183105469,4842300
2023-03-16,LEN,104.19999694824219,104.69000244140625,99.80999755859375,100.02999877929688,3823700
2023-03-17,LEN,103.5,104.83999633789062,102.54000091552734,104.61000061035156,6247600
2023-03-20,LEN,102.30999755859375,104.26000213623047,101.72000122070312,103.51000213623047,2095000
2023-03-21,LEN,103.47000122070312,104.31999969482422,102.91000366210938,103.12999725341797,2059600
2023-03-22,LEN,102.58999633789062,104.69000244140625,102.55000305175781,103.33999633789062,1964300
2023-03-23,LEN,103.37000274658203,106.12999725341797,102.75,104.13999938964844,2573700
2023-03-24,LEN,103.73999786376953,104.33000183105469,102.0199966430664,103.45999908447266,1875900
2023-03-27,LEN,102.18000030517578,104.56999969482422,101.80000305175781,104.0999984741211,2273700
2023-03-28,LEN,101.73999786376953,103.22000122070312,101.30999755859375,102.5199966430664,1651300
2023-03-29,LEN,102.47000122070312,102.94999694824219,101.4800033569336,102.58999633789062,1776600
2023-03-30,LEN,102.55000305175781,102.9000015258789,102.16999816894531,102.72000122070312,2308500
2023-03-31,LEN,105.11000061035156,105.23999786376953,102.30999755859375,102.4000015258789,1959000
2023-04-03,LEN,105.25,105.73999786376953,104.45999908447266,104.45999908447266,1385300
2023-04-04,LEN,103.83000183105469,105.43000030517578,103.04000091552734,105.26000213623047,1578700
2023-04-05,LEN,104.02999877929688,105.01000213623047,103.3499984741211,103.73999786376953,1793000
2023-04-06,LEN,102.05999755859375,104.06999969482422,100.94999694824219,103.6500015258789,1684000
2023-04-10,LEN,102.58999633789062,103.20999908447266,101.20999908447266,101.69999694824219,1493800
2023-04-11,LEN,105.5,106.06999969482422,103.33000183105469,103.33000183105469,1633500
2023-04-12,LEN,105.38999938964844,106.88999938964844,105.05999755859375,106.62000274658203,1300700
2023-04-13,LEN,103.83999633789062,105.62999725341797,103.79000091552734,105.62000274658203,3363000
2023-04-14,LEN,105.0,105.0199966430664,103.3499984741211,103.43000030517578,1820600
2023-04-17,LEN,106.04000091552734,106.08000183105469,104.4800033569336,104.6500015258789,1486600
2023-04-18,LEN,109.25,109.33000183105469,106.68000030517578,106.91999816894531,1784600
2023-04-19,LEN,109.30000305175781,109.5199966430664,107.95999908447266,109.0199966430664,1348900
2023-04-20,LEN,111.87000274658203,113.9000015258789,110.68000030517578,111.11000061035156,3143900
2023-04-21,LEN,111.19999694824219,112.05999755859375,110.2300033569336,111.8499984741211,1771800
2023-04-24,LEN,112.12999725341797,112.19000244140625,110.62000274658203,110.93000030517578,1357900
2023-04-25,LEN,111.01000213623047,112.62999725341797,110.91999816894531,111.80999755859375,1399100
2023-04-26,LEN,109.1500015258789,110.80000305175781,108.86000061035156,110.19999694824219,1325900
2023-04-27,LEN,111.69999694824219,111.75,109.51000213623047,109.79000091552734,1232000
2023-04-28,LEN,112.80999755859375,113.41000366210938,111.63999938964844,111.87999725341797,1507600
2023-05-01,LEN,112.38999938964844,113.66999816894531,112.05999755859375,112.5,1624900
2023-05-02,LEN,113.04000091552734,113.47000122070312,110.45999908447266,112.16000366210938,1932900
2023-05-03,LEN,114.12999725341797,115.9000015258789,112.98999786376953,113.19999694824219,2000200
2023-05-04,LEN,112.3499984741211,114.44000244140625,112.30999755859375,113.83000183105469,1571300
2023-05-05,LEN,113.44000244140625,113.80999755859375,112.11000061035156,112.51000213623047,1307600
2023-05-08,LEN,114.69000244140625,114.94999694824219,112.69000244140625,113.0,1337500
2023-05-09,LEN,114.36000061035156,116.18000030517578,114.3499984741211,114.5,1704600
2023-05-10,LEN,114.13999938964844,115.38999938964844,113.11000061035156,115.05000305175781,1424100
2023-05-11,LEN,114.0,114.7699966430664,113.80999755859375,114.45999908447266,1293300
2023-05-12,LEN,113.2300033569336,114.68000030517578,112.11000061035156,113.94000244140625,1798600
2023-05-15,LEN,113.30000305175781,113.87999725341797,112.0,113.18000030517578,1639900
2023-05-16,LEN,113.91999816894531,114.23999786376953,111.08000183105469,112.31999969482422,2058000
2023-05-17,LEN,114.58999633789062,114.61000061035156,113.62000274658203,114.23999786376953,1710900
2023-05-18,LEN,115.80000305175781,115.93000030517578,113.5,114.44000244140625,1686200
2023-05-19,LEN,113.58999633789062,115.98999786376953,112.86000061035156,115.93000030517578,1816800
2023-05-22,LEN,110.5,114.12999725341797,110.3499984741211,113.37000274658203,1994000
2023-05-23,LEN,107.0999984741211,109.81999969482422,106.80999755859375,109.69999694824219,2570700
2023-05-24,LEN,107.9000015258789,108.8499984741211,107.66999816894531,108.19999694824219,1880800
2023-05-25,LEN,108.55999755859375,109.68000030517578,107.94999694824219,108.9800033569336,1629000
2023-05-26,LEN,107.44999694824219,108.58999633789062,106.2699966430664,108.05999755859375,2071700
2023-05-30,LEN,107.80000305175781,108.79000091552734,107.31999969482422,107.5,2060700
2023-05-31,LEN,107.12000274658203,107.83999633789062,105.9000015258789,107.25,4667600
2023-06-01,LEN,108.13999938964844,108.25,106.11000061035156,106.11000061035156,2066200
2023-06-02,LEN,112.0,112.7300033569336,108.79000091552734,109.0,3407600
2023-06-05,LEN,111.94000244140625,112.58000183105469,110.19000244140625,111.9800033569336,2049100
2023-06-06,LEN,116.0,116.43000030517578,112.63999938964844,112.86000061035156,3015800
2023-06-07,LEN,114.0,117.04000091552734,113.94000244140625,116.0,2456400
