Open,High,Low,Close,Adj Close,Volume
41.45,42.25,41.0,41.5,36.03,27764700
41.84,44.8,41.83,43.5,37.76,44035100
44.41,45.1,43.7,44.61,38.73,36484800
45.0,45.57,44.53,44.96,39.03,29528100
45.2,45.82,44.95,45.46,39.47,28628200
45.04,47.14,44.75,46.84,40.66,38246200
47.46,48.17,46.91,47.88,41.57,36915100
48.53,48.71,47.69,48.42,42.04,29000300
48.5,51.08,48.5,50.31,43.68,35474800
48.91,49.08,47.29,47.89,41.58,42411300
48.45,49.44,48.35,48.84,42.4,24932600
49.11,49.74,48.99,49.53,43.0,22342400
49.33,49.39,47.68,48.11,41.77,29044500
47.01,47.64,46.64,47.43,41.18,23264800
46.9,47.05,46.16,46.9,40.72,26395800
47.26,47.86,45.85,45.87,39.82,23976800
45.0,46.66,44.53,45.35,39.37,32410300
45.94,46.59,45.69,46.06,39.99,24967200
45.55,46.04,44.51,44.84,38.93,38961100
45.58,45.58,44.29,44.92,39.0,24412400
45.81,46.99,45.28,45.63,39.61,31940400
45.63,47.67,45.42,47.42,41.17,28459300
47.88,48.38,47.25,48.33,41.96,25280300
49.18,50.12,49.04,49.95,43.36,34980100
50.92,52.36,50.71,52.1,45.23,36998700
50.67,50.96,49.77,50.63,44.7,28977000
50.63,51.42,50.39,51.12,45.13,25723800
50.89,50.93,48.78,49.84,44.0,26972200
49.43,50.71,49.41,50.52,44.6,19756700
51.96,52.53,51.62,52.04,45.95,28060100
52.35,53.27,51.8,52.85,46.66,25509700
52.81,52.94,51.86,52.02,45.93,20627600
52.11,52.56,51.92,52.37,46.24,22607200
52.59,54.81,52.59,54.3,47.94,36435100
54.98,55.26,53.74,55.05,48.6,33527900
55.19,57.0,54.87,56.7,50.06,28728600
56.98,57.25,55.35,55.76,49.23,29670900
54.41,55.06,53.12,54.37,48.0,35291000
56.47,57.61,56.13,56.4,49.79,36998300
56.65,56.96,56.02,56.07,49.5,30302600
56.42,57.96,55.88,56.52,49.9,35358900
57.12,59.47,57.1,58.71,51.83,52137500
59.83,61.05,59.11,60.93,53.79,51429800
61.58,61.61,59.82,60.87,53.74,38154600
60.61,61.39,59.47,59.93,52.91,35645900
60.52,61.92,60.03,61.77,54.54,31579100
61.78,62.55,61.26,61.31,54.13,24802600
61.55,62.37,61.5,61.97,54.71,20422700
61.49,61.86,59.87,60.39,53.32,31243600
59.54,59.66,58.44,59.11,52.19,30624800
58.69,59.73,58.62,59.37,52.42,25575500
58.81,58.97,56.52,56.81,50.16,38622800
56.71,57.47,55.81,56.49,49.87,84439400
56.5,56.86,55.9,55.91,49.36,29315100
54.94,56.29,54.45,55.22,48.75,33493300
56.08,57.28,56.08,56.34,49.74,29781800
55.21,56.5,54.5,56.18,49.6,31495900
57.3,57.78,56.52,57.71,50.95,34226500
57.34,57.82,56.74,57.4,50.68,21144400
56.86,57.36,56.49,56.69,50.05,20303400
56.35,56.63,55.8,55.83,49.29,23686500
56.32,57.45,56.14,57.39,50.67,23194500
57.3,57.32,56.14,56.5,49.88,23264800
56.84,57.54,56.26,56.34,49.74,18926300
56.39,56.77,56.24,56.59,49.96,22385000
55.93,56.08,55.32,56.0,49.44,21999300
56.0,56.44,55.53,55.87,49.33,20020700
56.76,56.79,55.31,55.5,49.0,20238800
55.3,55.98,55.09,55.71,49.19,19370600
56.41,58.01,56.25,57.32,50.61,28051100
57.42,57.42,56.78,56.98,50.31,23250300
57.36,57.68,56.44,56.66,50.02,22752000
56.75,57.14,55.96,56.48,49.87,21123300
56.47,56.47,54.78,55.29,48.81,21782100
54.5,56.13,54.3,56.0,49.44,16625600
55.99,55.99,55.02,55.27,48.8,21600100
55.27,55.94,55.18,55.57,49.06,15337900
55.47,56.29,55.44,55.68,49.16,16083800
56.01,56.63,55.81,56.41,49.8,19278600
56.91,58.46,56.79,58.11,51.3,24729800
58.92,59.48,58.15,58.94,52.04,27318400
58.33,58.89,57.16,57.24,50.54,30518400
57.98,58.99,57.74,58.82,51.93,20509600
59.0,59.5,58.51,59.19,52.26,23522200
59.77,61.05,59.4,60.97,53.83,31526200
60.86,61.64,60.03,61.55,54.34,26836800
61.07,62.47,60.85,62.43,55.12,33610600
63.24,64.02,62.53,62.58,55.25,31956600
61.63,62.39,60.39,60.59,53.49,34563800
60.01,61.68,59.75,60.04,53.78,34426500
59.0,60.45,58.75,59.3,53.12,24268200
59.93,60.88,59.93,60.77,54.43,20735400
60.54,62.25,60.43,62.19,55.71,25282500
62.0,62.3,60.4,60.43,54.13,25170800
59.1,59.86,58.42,58.98,52.83,28889800
58.95,59.15,58.24,58.84,52.71,20692500
59.42,59.83,58.85,58.92,52.78,20792700
59.08,59.8,58.69,59.61,53.4,18400300
59.5,59.54,58.12,58.26,52.19,25616100
58.25,59.12,57.9,58.94,52.8,21698700
59.23,59.7,58.02,58.56,52.45,33556000
58.73,58.8,58.11,58.37,52.28,19246800
59.45,60.7,59.45,60.46,54.16,28474200
60.75,61.31,60.17,60.94,54.59,22978300
60.55,61.41,60.35,61.18,54.8,20272800
61.46,61.7,60.78,61.45,55.04,20427800
61.33,61.73,61.02,61.05,54.69,15477900
61.5,62.48,60.67,62.13,55.65,28953400
62.67,63.42,62.19,62.65,56.12,29133000
63.61,63.98,62.25,62.75,56.21,27488700
63.01,63.19,62.14,62.17,55.69,17631700
62.3,62.78,61.57,62.07,55.6,16997200
62.48,64.4,62.35,64.33,57.62,30717100
64.32,64.8,63.56,64.1,57.42,24803200
63.86,64.46,61.27,61.99,55.53,28491800
61.0,61.55,60.24,60.4,54.1,39590700
60.93,62.7,60.9,62.59,56.06,33145400
62.85,64.01,62.23,63.79,57.14,25140400
64.05,64.7,63.58,64.26,57.56,20701600
64.15,64.56,63.81,64.52,57.79,19568400
64.61,64.93,64.36,64.66,57.92,18438300
64.56,64.56,62.75,63.01,56.44,20570000
63.21,63.77,62.59,62.62,56.09,19579300
62.7,63.23,62.45,63.08,56.5,17875500
64.33,64.42,62.77,63.26,56.66,22530300
63.01,63.32,62.42,63.17,56.58,14555300
62.75,62.76,60.9,61.37,54.97,22110800
61.18,61.81,59.62,60.41,54.11,21671400
59.45,60.71,59.31,60.14,53.87,18935900
60.7,61.45,60.24,61.23,54.85,20086000
60.42,61.5,60.16,61.17,54.79,21809400
61.0,61.51,60.51,60.88,54.53,17147300
61.17,61.73,59.36,59.53,53.32,21573600
59.17,59.7,58.77,58.95,52.8,15851100
59.18,59.26,57.15,57.32,51.34,27049500
55.64,56.2,54.6,55.35,49.58,37969100
55.5,56.6,55.03,55.96,50.13,26756100
56.86,58.3,56.83,57.76,51.74,20908700
57.73,57.74,56.66,57.11,51.16,13493800
57.29,57.29,56.47,57.04,51.09,14088200
57.16,58.65,57.0,58.48,52.38,18387600
58.01,58.01,57.21,57.83,51.8,16861400
58.0,58.63,57.62,58.22,52.15,16855300
59.0,59.33,58.56,58.93,52.79,18607800
58.88,58.88,57.32,57.57,51.57,28652800
57.55,59.06,57.4,57.58,51.58,20873800
57.57,58.41,56.93,58.2,52.13,18208200
57.19,57.88,56.81,56.84,50.91,20868300
57.13,57.7,56.83,57.2,51.24,15180200
57.66,58.07,57.53,57.86,51.83,14888500
57.13,57.52,56.83,57.2,51.24,17828200
57.42,58.36,57.3,58.18,52.11,16340200
58.19,58.5,57.72,58.35,52.27,18278600
57.4,57.79,56.87,57.35,52.15,19225500
57.03,57.07,56.3,56.77,51.62,20063000
56.02,56.09,55.27,55.94,50.87,16959500
55.5,56.3,55.0,55.56,50.52,16243700
55.42,55.81,54.31,54.39,49.46,21890500
53.47,53.71,52.1,52.73,47.95,30923500
52.27,53.14,52.11,52.74,47.96,16918300
53.95,55.06,53.95,54.91,49.93,21632600
55.29,55.85,55.01,55.36,50.34,17915600
55.24,55.77,54.87,55.46,50.43,13270300
55.2,55.54,54.63,54.71,49.75,11842600
55.4,56.21,55.4,55.77,50.71,15822500
56.24,56.34,55.12,55.16,50.16,14086100
54.93,55.31,54.46,54.52,49.58,27104100
54.49,54.76,53.6,53.77,48.89,21644100
54.29,55.64,54.27,55.08,50.08,23293300
55.12,55.32,54.6,54.87,49.89,13840000
54.67,55.27,54.47,54.55,49.6,14354400
54.79,55.18,54.01,54.05,49.15,18756700
53.62,55.0,53.3,54.09,49.18,19110800
55.19,55.23,53.95,53.98,49.08,15123700
54.65,55.93,54.62,55.37,50.35,22052300
55.69,55.77,54.41,54.58,49.63,19940300
55.37,56.53,55.31,56.42,51.3,23240900
56.46,56.46,55.5,55.82,50.76,17907200
55.34,56.75,55.1,55.16,50.16,30000400
53.78,54.17,52.96,53.69,48.82,27555100
54.37,54.51,53.25,53.64,48.78,19696800
54.43,55.91,54.37,55.21,50.2,25690600
55.42,57.24,55.28,57.08,51.9,23069400
56.7,57.82,56.68,57.59,52.37,22328600
58.85,59.8,58.82,59.3,53.92,32972200
59.9,60.48,59.51,59.92,54.49,37619300
59.84,60.19,59.05,59.88,54.45,23422800
60.12,60.17,58.81,58.82,53.49,31289600
59.41,60.99,59.41,60.93,55.4,24407300
61.32,62.07,60.95,61.72,56.12,33946700
62.52,62.7,61.02,61.62,56.03,29641600
60.47,61.12,59.75,60.49,55.0,25284900
60.61,61.08,60.14,60.66,55.16,19513600
61.25,62.42,61.25,62.18,56.54,22186900
63.03,63.06,61.5,61.56,55.98,22121500
61.57,61.98,60.85,61.24,55.69,20198600
60.78,61.39,60.21,61.07,55.53,14991700
61.71,62.22,61.17,62.0,56.38,18594500
62.73,63.07,62.44,62.59,56.91,16092600
63.09,63.14,62.27,62.56,56.89,18282800
62.87,63.61,62.67,63.5,57.74,18933200
62.89,63.87,62.72,63.85,58.06,14305200
63.47,63.64,62.35,62.69,57.0,16564600
62.77,63.22,62.35,63.12,57.4,14266800
63.72,64.42,63.58,64.35,58.51,17939800
64.49,65.94,64.36,65.84,59.87,25585100
65.16,65.25,63.98,64.13,58.31,21764500
63.82,64.47,63.63,64.31,58.48,16626400
65.05,65.36,64.33,64.47,58.62,23966300
65.07,66.08,65.02,65.63,59.68,19656400
65.03,65.45,64.66,64.82,58.94,16300000
64.04,64.45,63.66,63.93,58.13,17372800
64.68,64.89,63.83,64.41,58.57,17720100
65.05,65.33,64.56,65.02,59.12,18565100
65.55,66.38,65.38,65.72,59.76,17696000
65.77,66.37,65.31,66.36,60.34,18781300
65.32,65.65,63.77,64.19,59.15,20177200
64.19,64.83,64.02,64.31,59.26,13319300
63.96,64.37,63.58,63.82,58.81,18158900
63.76,64.77,63.22,64.37,59.32,18849200
64.34,65.37,64.34,65.02,59.92,17028700
64.38,65.24,64.18,64.31,59.26,15497000
64.16,64.53,63.11,63.61,58.62,16948200
61.89,62.03,60.41,60.67,55.91,32035500
60.32,62.54,60.32,61.51,56.68,21994400
62.19,63.38,61.92,63.13,58.18,21185900
62.58,63.85,62.58,63.48,58.5,15869700
60.52,61.42,59.54,61.25,56.44,24979600
62.57,63.14,61.29,61.59,56.76,18946400
60.46,61.19,59.66,59.84,55.14,34979800
60.9,62.03,59.75,59.79,55.1,30630600
59.74,61.58,59.14,61.28,56.47,29216000
61.92,62.23,60.35,60.89,56.11,22014700
61.72,62.16,61.42,61.58,56.75,19210500
62.34,63.03,62.1,62.27,57.38,19800400
62.61,63.19,62.34,62.45,57.55,18214400
62.05,62.77,61.81,62.61,57.7,16910300
63.27,63.35,62.23,63.01,58.07,17942400
62.47,62.72,61.35,61.63,56.79,17793700
61.26,62.47,61.22,61.54,56.71,22551100
61.19,61.5,60.01,61.27,56.46,19961900
61.44,62.45,61.3,61.37,56.55,21187800
60.95,61.28,59.69,60.03,55.32,44338100
58.79,59.25,57.96,59.16,54.52,21819300
59.75,60.68,59.72,60.5,55.75,19798900
60.34,61.37,59.97,60.99,56.2,14058300
61.17,61.84,61.0,61.02,56.23,13543300
60.93,61.95,60.42,61.89,57.03,12593700
61.91,62.31,61.4,61.69,56.85,12781000
61.48,61.6,60.92,61.15,56.35,12733600
61.22,61.6,60.77,60.79,56.02,11940300
60.74,61.47,60.7,61.19,56.39,14072000
61.24,63.6,61.21,63.54,58.55,24282400
64.13,66.19,64.1,65.93,60.76,38584000
66.5,67.61,66.48,66.75,61.51,34033300
68.0,68.48,67.07,68.32,62.96,30668500
68.52,69.18,67.98,68.88,63.47,23985400
68.97,69.17,67.95,68.47,63.1,22760300
68.89,71.4,68.58,71.35,65.75,32936100
71.14,71.81,70.64,71.14,65.56,23045100
71.12,71.58,70.31,70.63,65.09,21043200
70.65,72.15,70.6,71.87,66.23,23012900
72.82,73.88,72.01,73.08,67.34,32841200
73.75,73.86,72.55,73.11,67.37,26431600
72.5,74.37,72.26,73.27,67.52,26774600
73.18,73.18,71.04,72.17,66.51,35995200
70.88,73.08,69.81,72.79,67.08,41507000
72.59,75.24,71.39,74.93,69.05,39278400
75.43,76.0,73.49,74.17,68.35,35252400
75.46,76.01,73.99,75.12,69.22,29174700
74.97,75.62,73.95,75.28,69.37,30595700
74.97,76.42,74.27,75.96,70.0,36085500
76.45,81.51,76.27,80.83,74.49,61033100
80.06,80.81,79.15,80.62,74.29,30299300
80.09,80.31,79.02,79.68,73.43,28529400
80.87,82.53,80.87,81.41,75.02,32197500
81.14,83.08,80.64,82.39,75.92,34949200
82.27,82.5,79.92,80.26,73.96,34356300
79.58,80.03,78.71,79.0,73.61,40106100
78.72,79.68,77.79,78.24,72.9,28527700
78.62,80.32,78.23,80.21,74.73,42002100
79.58,79.84,77.05,78.98,73.59,34652800
76.9,78.19,76.42,77.99,72.67,25075100
78.79,79.73,78.04,78.35,73.0,21733800
78.48,79.12,77.95,78.23,72.89,23738800
77.16,78.17,76.89,77.36,72.08,23394800
79.67,79.79,75.31,76.46,71.24,35947800
76.46,77.47,76.13,76.77,71.53,25385000
79.0,79.03,74.03,75.8,70.63,46199900
76.69,77.99,76.26,77.84,72.53,28310300
76.51,78.93,76.2,78.42,73.07,32204600
78.77,80.65,78.33,79.17,73.77,40002300
80.6,82.15,79.82,80.53,75.03,44321400
79.86,81.77,79.63,81.04,75.51,30196600
81.05,84.28,80.66,84.09,78.35,42802200
84.92,87.23,83.9,87.12,81.17,55207900
89.05,91.51,85.43,87.78,81.79,72082300
84.03,86.57,81.6,82.79,77.14,65466700
84.01,85.68,82.9,85.36,79.53,44644200
84.07,86.23,83.97,84.92,79.12,35303400
83.06,83.45,80.5,81.88,76.29,37462600
78.82,79.17,76.37,77.22,71.95,47957900
77.81,78.62,76.25,76.93,71.68,37812300
78.18,79.15,77.07,78.98,73.59,34041900
79.06,79.39,78.1,78.67,73.3,41461500
80.12,82.52,79.74,82.2,76.59,33089300
81.63,82.2,80.79,81.84,76.25,23132200
83.34,84.27,83.05,83.13,77.46,27716300
83.46,84.65,82.75,83.38,77.69,19871600
82.92,85.49,82.79,85.2,79.38,22398300
83.17,83.31,82.02,82.81,77.16,21552400
80.81,82.49,79.76,82.37,76.75,27036300
83.06,84.01,82.71,83.78,78.06,22079000
82.87,84.4,82.55,82.59,76.95,27861500
81.99,84.14,81.99,83.12,77.45,18671100
83.56,83.66,82.05,83.16,77.48,20869400
83.5,85.07,82.56,82.73,77.08,21753100
83.42,84.7,82.94,83.65,77.94,24768200
83.83,85.44,82.71,85.05,79.24,26122000
85.17,87.21,85.17,86.84,80.91,24866500
85.78,85.93,83.5,83.85,78.13,21800100
85.71,86.82,85.38,85.6,79.76,22444200
86.61,87.11,85.19,86.81,80.88,19306800
86.67,88.46,86.23,87.83,81.83,24566400
88.5,88.89,87.75,88.55,82.51,19032300
88.01,88.66,87.27,87.76,81.77,20382600
87.97,88.5,87.3,87.96,81.96,20689400
88.95,89.8,86.79,87.03,81.09,29010900
86.66,88.12,85.0,85.13,79.32,23591600
82.37,82.66,79.29,82.26,76.64,37698300
82.73,84.72,82.18,82.29,76.67,28941500
83.39,85.48,82.28,84.64,78.86,32773000
84.88,88.14,84.07,87.2,81.25,33683800
88.14,88.14,84.7,85.25,79.43,34656500
85.01,87.04,84.63,86.41,80.51,36335200
86.26,88.78,86.12,88.19,82.17,33908100
89.5,91.88,88.91,91.7,85.44,46188400
92.04,92.05,88.39,90.31,84.15,41013400
90.98,91.82,89.35,91.69,85.43,29619300
89.44,89.56,84.02,84.46,78.69,45851600
85.64,86.89,83.52,85.02,79.22,34483200
86.43,88.94,86.28,86.79,80.87,33020600
85.95,86.38,83.4,86.3,81.23,29491500
87.36,88.95,86.35,88.86,83.64,25798400
88.98,91.98,88.97,90.95,85.61,26101200
91.73,92.45,91.12,92.11,86.7,23120700
92.51,92.92,89.83,90.65,85.33,25451200
89.0,92.3,89.0,91.14,85.79,24387400
91.93,93.59,90.4,91.86,86.47,28795000
92.66,94.77,92.55,93.89,88.38,27239300
92.82,94.79,92.32,94.4,88.86,24293300
94.58,96.53,94.47,96.3,90.65,29947800
96.6,97.43,96.2,96.64,90.97,24314800
95.95,97.93,95.3,97.59,91.86,25588800
98.56,99.78,95.71,96.0,90.36,44888100
97.02,98.71,96.62,97.84,92.1,25815400
97.29,98.1,96.79,97.67,91.94,19089100
97.9,99.66,97.9,99.09,93.27,21038200
99.18,99.78,98.67,98.84,93.04,20682100
99.7,103.43,99.49,103.37,97.3,37810200
103.49,105.57,102.98,104.59,98.45,31613200
103.42,104.57,102.16,102.33,96.32,26607000
101.94,103.35,99.79,100.46,94.56,30950500
97.52,97.77,93.92,95.85,90.22,33421000
97.41,98.67,95.27,96.1,90.46,31264000
95.99,96.57,93.27,94.89,89.32,29620800
92.41,93.13,90.28,91.39,86.02,35696700
90.96,91.35,85.66,86.12,81.06,64610200
88.58,92.53,88.52,91.48,86.11,35951500
87.54,89.76,87.53,87.86,82.7,29727200
88.66,89.05,83.52,85.21,80.21,35757200
86.95,88.4,85.81,86.9,81.8,26639000
87.81,90.04,87.67,89.03,83.8,25478700
91.12,93.24,90.35,91.5,86.13,33096900
92.98,93.2,87.76,88.12,82.95,25400900
86.14,87.6,84.67,85.64,80.61,39948100
86.74,87.88,84.71,87.55,82.41,26327900
86.34,86.7,83.01,84.81,79.83,34591100
83.76,85.23,81.01,83.28,78.39,33375700
85.38,86.76,85.3,85.94,80.89,23817400
86.95,87.3,84.93,86.08,81.03,17673800
85.17,86.12,84.36,85.64,80.61,15603800
83.78,85.05,82.86,84.5,79.54,21013000
83.38,86.31,83.3,84.84,79.86,19928600
81.85,83.31,80.69,83.14,78.26,26343000
84.8,84.88,82.9,84.54,79.58,17243700
86.58,87.94,85.75,86.1,81.04,19395800
86.42,88.52,86.25,88.27,83.09,18248900
87.58,89.65,87.25,89.24,84.0,16584400
86.93,87.8,85.21,87.75,82.6,21375700
87.55,88.47,86.63,87.08,81.97,15479500
88.16,90.13,87.42,89.98,84.7,17536400
91.13,91.28,89.0,89.63,84.37,15141200
90.28,92.0,89.4,91.57,86.19,18047000
92.18,93.25,91.01,92.64,87.2,20353100
94.45,97.52,94.1,96.93,91.24,29825800
94.79,95.35,93.23,94.48,88.93,20793200
94.69,95.2,93.82,94.07,88.55,16722500
94.42,94.42,90.79,91.02,85.68,23580800
90.31,90.34,86.43,87.19,82.07,31821500
86.36,89.69,86.28,88.45,83.26,17408000
88.61,89.6,88.22,88.95,83.73,14458500
90.05,91.61,89.95,90.59,85.27,19083400
90.68,91.79,89.19,91.45,86.08,18302000
91.84,94.3,91.44,93.19,88.57,18797900
92.48,94.02,92.11,94.0,89.34,15058200
90.53,92.73,89.66,92.32,87.74,20755200
92.03,92.89,91.29,91.46,86.93,14038200
91.27,93.21,90.92,92.2,87.63,13678000
93.15,95.31,93.09,94.38,89.7,17770400
94.16,95.2,93.8,94.08,89.42,16128600
93.42,94.49,91.86,94.01,89.35,16019900
95.55,98.41,95.45,98.0,93.14,23764700
98.01,98.97,97.36,98.58,93.69,17050300
98.92,99.86,98.1,99.09,94.18,15305700
98.77,99.91,97.42,97.87,93.02,15531400
98.18,101.56,98.14,100.12,95.16,23059200
98.36,98.62,95.82,96.31,91.54,17086800
94.03,96.84,93.59,95.59,90.85,18340900
94.42,95.07,92.29,93.87,89.22,16423000
96.35,96.79,95.11,95.59,90.85,18206800
96.16,96.59,94.51,94.95,90.24,19201500
93.19,94.59,92.3,94.14,89.47,16274700
94.66,95.42,93.72,94.91,90.21,18759200
96.52,97.0,95.32,96.5,91.72,17158000
97.65,99.19,96.88,97.61,92.77,16118900
96.61,97.78,94.91,95.33,90.6,18229100
96.19,98.56,96.15,97.67,92.83,22655700
96.22,96.54,94.05,94.83,90.13,21092300
95.07,95.34,92.0,93.21,88.59,37874700
91.01,93.49,91.0,93.2,88.58,15342100
92.73,92.93,91.64,92.44,87.86,14712500
93.57,93.88,90.87,90.95,86.44,17332400
92.2,92.66,90.52,90.57,86.08,16139400
87.5,87.5,84.85,85.75,81.5,27738800
84.9,86.22,83.89,83.98,79.82,22043400
85.61,86.96,84.81,85.74,81.49,17307300
86.12,89.3,85.92,88.86,84.46,19543300
88.18,89.36,87.13,88.68,84.28,17896000
88.17,89.04,87.31,87.31,82.98,21357600
90.04,92.36,89.72,91.92,87.36,23881300
93.24,95.36,92.71,95.27,90.55,22133700
95.75,99.99,95.66,99.12,94.21,34857700
98.47,102.18,98.33,102.06,97.0,29124700
102.19,103.32,100.18,101.03,96.02,24507600
101.49,102.03,98.72,98.84,93.94,16786100
97.22,99.76,96.75,98.0,93.14,17804100
97.5,98.91,97.23,98.43,93.55,12635800
97.55,102.45,97.4,101.87,96.82,22019100
101.12,102.24,99.04,99.19,94.27,15222000
101.07,101.97,100.5,100.62,95.63,14283200
101.54,102.35,99.23,100.8,95.8,14065400
101.25,103.99,101.23,103.79,98.65,20921700
104.32,105.0,103.41,103.93,98.78,17649000
104.45,106.4,103.91,105.86,100.61,22814100
105.66,107.68,105.12,106.6,101.32,17024200
106.41,107.33,105.07,105.88,100.63,15719800
106.26,107.83,106.0,107.14,101.83,17383800
108.41,109.58,107.42,107.55,102.22,18214000
109.46,111.21,108.12,110.7,105.21,28169400
109.5,112.91,109.44,110.81,105.32,26401800
112.37,112.57,110.65,111.91,106.36,22213100
111.58,112.1,109.31,109.61,104.18,20654200
108.58,111.82,108.31,111.1,105.59,17103700
113.0,113.5,110.8,112.31,106.74,17541500
112.41,113.99,112.13,113.64,108.01,16008000
113.48,114.66,112.6,114.0,108.35,14661000
113.1,113.28,108.57,108.9,103.5,19522800
110.19,110.7,107.57,110.5,105.02,20146700
112.58,114.5,112.49,113.95,108.3,20518900
112.63,114.64,112.49,113.37,108.62,20858300
113.8,114.53,112.87,114.13,109.35,19373800
113.44,114.26,111.86,112.91,108.18,13591000
111.29,113.2,110.75,113.06,108.32,12425900
110.9,112.48,109.61,112.08,107.38,15415000
109.99,111.2,107.48,110.97,106.32,20973000
112.21,114.47,111.43,114.18,109.39,17719100
112.32,113.95,112.1,113.61,108.85,11546700
113.88,114.61,113.06,113.21,108.46,7136000
110.66,111.46,109.62,109.81,105.21,23015500
110.61,111.8,109.79,110.54,105.91,14453200
111.54,111.9,109.78,111.34,106.67,23158100
111.64,112.07,110.18,110.8,106.16,14398300
109.51,111.71,109.2,109.86,105.25,15248400
110.7,111.36,105.94,106.85,102.37,19287700
105.9,107.04,103.15,103.88,99.53,21197000
103.78,104.85,102.37,103.65,99.31,20061700
106.28,106.8,103.71,104.42,100.04,21128800
104.59,105.95,103.3,103.54,99.2,21298200
103.83,106.24,103.59,106.09,101.64,20413200
107.8,108.54,107.02,107.25,102.75,24305300
107.99,108.3,105.75,106.46,102.0,17597300
105.33,106.17,103.7,105.44,101.02,15365100
103.69,105.58,103.13,104.7,100.31,54596600
105.26,106.2,104.38,105.17,100.76,13611100
105.17,107.51,105.07,106.69,102.22,14680000
108.29,108.59,107.16,108.06,103.53,13565400
107.89,108.19,104.1,105.88,101.44,13213000
106.95,108.74,106.9,108.68,104.12,11539400
109.27,110.47,108.83,110.19,105.57,11962100
109.91,110.0,107.9,108.38,103.84,10702100
107.99,109.72,107.99,109.2,104.62,10534000
108.61,110.5,108.61,110.3,105.68,11799600
109.78,110.02,105.49,106.51,102.05,15146200
104.8,107.16,104.76,106.82,102.34,18058400
106.34,109.95,106.31,109.21,104.63,15946600
110.08,111.99,109.67,110.53,105.9,16348100
111.64,111.64,107.81,108.47,103.92,17964600
109.79,110.33,108.01,110.09,105.48,15104600
110.99,111.45,109.09,111.37,106.7,16710400
111.82,113.74,111.74,113.22,108.47,15357300
113.11,113.49,112.16,113.15,108.41,12011400
113.41,114.08,112.67,112.93,108.2,16542200
113.26,114.12,110.4,110.61,105.97,16399700
110.07,112.13,109.58,111.32,106.65,12928000
111.36,113.44,110.61,113.35,108.6,16515600
113.64,114.59,112.64,112.76,108.03,16584400
109.16,114.02,104.87,113.81,109.04,13583000
113.23,113.65,111.39,113.21,108.46,11914700
114.72,117.78,114.34,117.76,112.82,21019700
116.95,117.67,115.39,115.61,110.76,15179200
115.09,115.49,113.15,113.56,108.8,18672100
112.1,116.4,110.43,116.01,111.15,27861800
115.83,117.38,113.34,114.74,109.93,19464900
114.85,115.07,109.83,111.15,106.49,24562100
111.9,114.11,111.56,111.92,107.23,20226600
112.36,113.09,110.32,111.73,107.05,13855200
112.39,115.31,112.02,114.92,110.1,16013300
115.05,115.83,113.85,113.92,109.14,18459700
114.62,116.24,114.18,114.35,109.56,17439300
116.51,119.63,116.16,119.17,114.17,24918600
117.72,118.18,115.9,117.8,113.73,14536200
117.01,117.81,116.02,116.42,112.4,12079000
115.72,116.09,114.14,116.07,112.06,13663400
115.31,116.78,114.8,115.73,111.73,11360600
114.19,114.19,110.98,111.28,107.44,20758300
110.81,112.38,110.81,111.17,107.33,14469400
110.48,110.97,108.64,109.73,105.94,13973800
110.73,111.83,109.9,110.74,106.91,11289400
109.33,110.96,109.02,110.75,106.92,14351000
110.8,111.26,109.96,110.55,106.73,11710500
111.24,111.36,109.22,109.91,106.11,18107000
109.31,111.86,109.24,110.89,107.06,13200000
110.62,111.7,110.17,111.4,107.55,10339900
110.05,113.37,109.95,112.81,108.91,13006700
111.99,113.84,111.87,113.81,109.88,14347400
112.81,113.17,111.17,111.61,107.75,11525300
111.23,112.42,109.07,109.98,106.18,13509800
110.87,112.23,109.03,109.13,105.36,12961200
109.56,111.04,107.15,107.78,104.06,15795700
105.34,107.86,103.72,106.54,102.86,20745600
106.35,109.01,104.96,106.94,103.25,18263500
102.82,104.2,100.22,101.62,98.11,25733800
99.11,101.68,98.02,101.03,97.54,27465200
100.6,101.61,99.14,99.84,96.39,43199500
99.63,102.48,99.5,102.45,98.91,32042100
104.17,107.28,104.13,107.04,103.34,31592300
106.8,107.18,104.56,104.59,100.98,14952700
105.36,106.34,102.44,103.41,99.84,14385900
101.47,103.85,100.91,103.53,99.95,13401600
104.74,106.48,103.91,105.8,102.14,14805900
105.44,107.65,105.19,107.12,103.42,11047600
108.06,109.16,107.49,108.96,105.2,14219100
109.55,109.57,108.52,109.49,105.71,11578200
109.68,110.17,109.05,109.66,105.87,14418000
113.39,116.85,113.12,116.13,112.12,28087700
116.26,116.7,114.17,115.02,111.05,16365500
115.35,117.0,114.31,116.99,112.95,16479500
116.86,117.18,114.77,115.05,111.08,15778000
114.78,116.18,114.17,114.54,110.58,13006600
114.96,116.2,114.38,115.35,111.37,11758500
116.16,116.59,114.93,115.23,111.25,10919000
114.6,115.89,114.13,115.77,111.77,12399700
115.9,116.66,115.12,116.05,112.04,11530800
115.49,116.51,114.42,114.7,110.74,13260400
114.39,117.21,114.3,116.94,112.9,17436100
116.08,116.9,115.77,116.57,112.54,10682600
115.13,115.68,113.23,115.64,111.65,17038700
116.49,116.88,115.26,116.01,112.0,14315300
115.92,118.89,115.88,118.2,114.12,15831300
117.55,117.74,115.63,116.52,112.49,12179800
116.03,117.09,114.68,115.45,111.46,15566100
115.62,117.01,114.88,116.83,112.79,16279200
117.25,119.92,116.83,118.34,114.25,24374000
115.99,117.3,114.45,114.67,110.71,17355000
113.94,113.94,109.29,110.1,106.3,24324100
109.08,109.81,107.76,107.93,104.2,16212300
107.9,108.75,105.91,106.04,102.38,17177200
108.55,109.43,107.53,108.68,104.93,14964700
110.5,110.97,109.04,109.11,105.34,11187800
108.34,110.23,108.21,109.14,105.37,11370800
109.74,110.01,106.71,107.74,104.02,14884800
106.49,106.82,104.93,105.79,102.14,17165900
106.31,107.01,104.78,105.78,102.13,12608300
105.51,105.93,104.58,105.07,102.32,13715600
104.63,104.81,102.02,102.52,99.84,14795200
103.39,105.23,102.85,104.82,102.08,14064700
104.55,105.91,104.13,105.77,103.0,12005600
106.57,107.05,105.82,106.26,103.48,13357700
105.84,107.04,104.88,104.97,102.22,12882000
105.99,108.22,105.75,106.4,103.62,14394400
107.38,108.51,106.73,107.59,104.77,16340300
105.94,106.43,104.71,105.66,102.89,14316500
106.47,106.95,104.83,104.97,102.22,12370300
103.29,104.12,102.61,104.04,101.32,11938000
102.29,103.04,101.74,102.18,99.51,24926100
101.75,105.58,101.26,103.36,100.66,13551900
105.16,106.13,104.53,105.76,102.99,14110300
107.19,107.19,105.09,105.29,102.53,10628000
104.15,106.27,103.98,106.15,103.37,12209800
106.79,108.89,106.73,108.53,105.69,16027100
108.77,109.14,105.9,108.19,105.36,13517100
108.46,108.61,107.16,107.39,104.58,12251600
105.81,107.06,105.56,106.42,103.64,14112000
107.38,108.34,106.28,106.44,103.65,13533800
107.45,108.11,104.39,105.16,102.41,16627700
105.5,107.03,105.44,105.89,103.12,16224100
106.36,106.77,104.96,105.13,102.38,43124000
104.68,104.77,102.12,102.72,100.03,17514100
102.5,104.63,102.33,103.87,101.15,13285700
102.84,103.89,102.65,103.3,100.6,12455300
102.59,102.82,101.62,102.4,99.72,17933600
102.2,104.91,102.2,104.29,101.56,14283400
104.05,104.61,103.27,104.55,101.81,13227500
104.31,105.82,103.2,105.4,102.64,13084100
105.66,106.73,105.13,106.7,103.91,11364400
107.32,107.88,106.81,107.25,104.44,13542700
107.49,108.46,107.07,107.46,104.65,7397000
107.63,107.92,106.1,106.91,104.11,12491200
105.09,105.72,102.43,102.92,100.23,17961400
101.92,104.0,101.56,103.16,100.46,21926600
102.97,104.75,102.75,104.69,101.95,14877600
105.26,106.16,104.81,105.97,103.2,12581100
107.0,107.65,106.13,106.49,103.7,13238200
105.97,106.23,103.32,104.54,101.8,26826800
104.05,104.05,100.53,100.94,98.3,28165400
100.72,101.67,100.22,101.38,98.73,18051300
100.92,102.2,100.34,100.92,98.28,24617800
101.05,102.4,100.8,101.62,98.96,15556500
102.54,103.66,102.36,103.41,100.7,15740200
104.16,104.38,103.26,103.89,101.17,17099600
104.36,106.16,103.96,105.52,102.76,15090900
105.06,106.09,104.54,105.68,102.91,14116100
105.11,105.72,104.64,105.09,102.34,15159600
106.0,106.99,104.74,105.42,102.66,17677900
105.11,105.16,102.32,104.16,101.43,17566400
105.19,107.86,105.19,107.24,104.43,24197000
106.95,107.32,105.53,106.62,103.83,14177400
106.26,106.38,104.57,105.29,102.53,13484100
105.89,107.88,105.3,107.12,104.32,16280400
107.96,109.24,107.33,107.42,104.61,14275700
107.9,108.42,106.51,107.2,104.39,12410800
106.04,107.75,104.84,107.73,104.91,14065600
108.71,110.42,108.31,109.56,106.69,19919600
110.19,111.63,109.44,110.12,107.24,15837200
110.37,112.07,110.05,111.83,108.9,14043700
111.68,111.98,110.78,111.92,108.99,12973400
110.75,110.86,107.97,108.16,106.19,14909600
108.28,109.33,106.28,106.34,104.41,13695100
107.42,110.15,107.42,108.4,106.43,16709500
107.64,110.2,107.62,110.04,108.04,16218400
110.36,110.98,108.14,108.71,106.73,11092400
109.17,109.72,107.95,108.1,106.13,10520800
107.04,107.3,105.72,107.15,105.2,11435600
106.42,107.77,106.07,106.35,104.42,10818500
107.43,108.93,106.62,108.25,106.28,13579300
108.45,110.04,108.44,109.16,107.17,10382100
109.66,110.02,108.42,109.81,107.81,9665000
110.44,111.14,109.98,110.88,108.86,11922100
111.12,111.42,110.62,111.19,109.17,17479800
112.2,113.82,112.2,113.52,111.46,14828400
114.1,115.83,113.5,113.53,111.47,18304000
113.48,114.59,113.23,114.51,112.43,13325500
114.65,115.85,113.7,113.95,111.88,13248500
114.53,116.05,114.32,115.61,113.51,14283200
116.18,116.68,113.57,114.16,112.08,14383600
115.34,117.67,115.27,117.49,115.35,20145800
117.41,117.96,115.9,116.44,114.32,13472800
117.55,118.66,117.33,118.52,116.36,15210700
117.9,118.51,116.5,116.7,114.58,34545100
117.53,118.24,116.7,117.64,115.5,14045300
118.62,118.84,116.61,117.33,115.2,12562900
116.54,118.02,116.32,116.4,114.28,11879900
116.98,117.37,114.6,114.76,112.67,14400600
115.71,116.68,114.81,114.94,112.85,13197300
115.09,116.65,114.83,116.23,114.12,11316000
115.5,116.73,115.37,116.41,114.29,11805400
117.89,120.5,117.4,120.2,118.01,23976200
119.98,120.7,118.19,119.47,117.3,16808100
119.1,119.18,116.73,117.58,115.44,18810700
117.53,117.79,114.55,115.63,113.53,14395000
115.44,116.44,115.03,115.83,113.72,13297100
114.05,114.09,110.5,111.5,109.47,19622200
109.8,110.9,108.7,108.99,107.01,20128800
105.73,108.27,105.11,107.17,105.22,25363400
110.44,112.07,109.52,110.92,108.9,22369900
111.02,111.45,110.12,110.45,108.44,13892000
106.96,107.17,104.83,106.49,104.55,57939000
107.59,107.84,106.09,106.47,104.53,31183000
108.03,110.2,107.84,109.87,107.87,30276500
110.5,110.68,109.13,109.95,107.95,18452000
109.73,111.8,109.68,111.39,109.36,19775400
111.82,113.39,111.7,112.95,110.9,23380300
112.72,113.97,111.33,113.02,110.96,20972500
112.92,113.32,110.79,111.08,109.06,22439800
110.63,110.96,108.68,109.45,107.46,18185000
109.7,109.82,108.12,108.39,106.42,16786100
108.52,109.5,108.13,108.59,106.62,22047300
107.45,108.34,106.5,107.6,105.64,18768300
108.89,109.86,104.96,105.55,103.63,23092000
105.74,106.42,105.21,105.88,103.95,19379900
105.58,106.16,104.54,105.85,103.92,22185200
106.53,107.17,105.46,105.64,103.72,28984900
105.88,109.19,105.5,109.11,107.13,25212700
108.4,108.78,106.54,107.78,105.82,30549000
108.17,108.27,105.77,105.87,103.94,19097300
104.47,104.86,103.29,104.21,102.31,20272500
103.73,104.9,102.89,102.93,101.06,19184100
103.67,103.97,102.86,102.96,101.09,18380500
103.93,104.41,102.91,103.75,101.86,17825500
104.05,105.14,103.81,104.84,102.93,15308400
104.3,104.82,103.87,104.29,103.33,18260500
103.96,105.15,103.5,103.66,102.71,20137600
102.9,103.27,101.15,102.46,101.52,22469100
103.06,105.43,102.75,104.96,103.99,22984900
105.38,105.88,104.43,104.5,103.54,17458800
104.21,104.7,103.22,104.46,103.5,14989000
102.58,104.12,101.94,104.01,103.05,18072000
104.02,105.47,103.91,104.57,103.61,9480800
104.1,104.4,103.18,103.96,103.0,18013500
104.24,104.91,103.88,103.9,102.94,20629500
104.27,104.58,101.64,102.34,101.4,26802100
103.11,104.48,101.81,102.74,101.79,29254700
102.5,104.22,102.22,102.99,102.04,17843200
102.13,103.36,101.59,102.43,101.49,21523900
102.27,102.34,100.29,100.44,99.52,22250300
100.0,100.72,98.34,99.11,98.2,31154800
99.86,100.84,98.09,98.42,97.51,29990700
99.02,99.79,98.75,99.55,98.63,22069200
99.8,99.86,98.58,99.62,98.7,22252300
98.68,98.68,97.48,98.05,97.15,26084000
98.04,99.03,97.66,98.92,98.01,19915400
99.85,102.14,99.72,101.58,100.64,26165700
100.59,101.0,100.31,100.9,99.97,55518700
102.13,103.11,101.52,101.65,100.71,21610400
102.0,103.19,101.79,102.99,102.04,18904700
103.5,103.94,101.13,101.27,100.34,20988900
101.47,102.01,100.81,101.73,100.79,19250900
102.31,102.94,101.82,101.91,100.97,12921800
102.74,103.03,102.12,102.14,101.2,16835100
102.04,102.55,101.34,101.66,100.72,14558800
101.39,101.61,100.13,100.19,99.27,16329300
100.37,100.59,99.62,99.98,99.06,17741400
